timestamp,ax,ay,az,gx,gy,gz
2697809,-0.00193029999261328,0.003445834509392403,0.011062917449264093,-2.139946886043132,-0.11187301342838729,-0.8523957516630446
2697831,-0.004969341532337365,0.014675546890281756,0.0028104017230776595,-0.7716579680192657,-0.12160693398319615,-0.6994238321354879
2697853,-0.006488699612952156,0.020218921831413383,-0.004142388358235398,0.3372704477618329,-0.08849740361846983,-0.38277113405051305
2697875,-0.0066232469411811054,0.018181051217131473,-0.009155971206892908,1.1205978970605084,0.04137923220425587,0.1330153127470584
2697897,-0.0064797115291550435,0.0099274737402557,-0.011474313120641118,1.6471808769794232,0.28780032096692804,0.7001412943939892
2697919,-0.0058249020999865874,-0.0022444131690624114,-0.009687373564162657,1.8631433629897138,0.564836187802926,1.0438639094459787
2697941,-0.0025681964852566994,-0.015012588990349142,-0.003366733480619395,1.4914976784182594,0.6816511881054287,0.9335398044316249
2697963,0.004248190069900056,-0.02296845164790372,0.004948608894478252,0.3438071341028546,0.45159115173434683,0.4028747169322745
2697985,0.011486800929622773,-0.020841697222479055,0.010748931896680542,-1.2317395704874035,-0.1799628652349078,-0.18506799149183267
2698007,0.013830976519543183,-0.008429233987846988,0.011236102422770684,-2.376866308350368,-1.0971418664943917,-0.4027768291377182
2698029,0.009301723758808613,0.0074390075387695456,0.007684066508750081,-2.384230924041879,-2.0565361578966384,-0.16426833128514068
2698051,0.0016886501930151528,0.017336200930491714,0.003860873359947336,-1.345099152916479,-2.7498590857785854,0.19537004067801056
2698073,-0.003203775463609226,0.01636375495314721,0.0024657137376640436,-0.06372367787353994,-2.9095909087671643,0.31595845545590723
2698095,-0.0030116042838666964,0.007125135687603263,0.003499774089144578,0.6494710381152619,-2.483404033251662,0.23689853079857523
2698117,-0.00016386260547996518,-0.0034321746651513898,0.00573943932544512,0.551430765183921,-1.7443546338561087,0.34130367827596475
2698139,0.0013354204329144134,-0.00903942487158668,0.008704926504442717,-0.04953730455600351,-1.1572473018507128,0.8787903699009911
2698161,-0.00020044782816676734,-0.006766681871485749,0.012497053746460596,-0.6739468928081788,-1.043730390920192,1.6022397612249453
2698183,-0.0029329007427477344,0.0026613491688241182,0.016439213033382145,-0.9626319631650461,-1.3445494985585393,1.930769597612664
2698205,-0.003461856210916869,0.015076137179403051,0.019506299629555097,-0.7068705844704279,-1.7402251600938932,1.532921209328458
2698227,-0.00021534820710220463,0.023449480899698512,0.022872964273276366,0.2049400749760605,-2.0221514349630776,0.7886893889848741
2698249,0.004714337858530141,0.020418047804101582,0.03097701094105164,1.671577814827928,-2.2803677739081287,0.6080908008127368
2698271,0.007700573921367712,0.0035180653366667313,0.04810617035662495,3.1545066162268873,-2.6518329887085343,1.65549684705035
2698293,0.008150131324900235,-0.019881737514290482,0.07306580423198986,3.7749302554333726,-2.9507504109250444,3.6742932358181557
2698315,0.009872867927668129,-0.034169748311971684,0.09813473472291918,2.958193475416013,-2.734108143550596,5.554515021485034
2698337,0.016286553066911725,-0.026265775953963025,0.11449250950859106,1.1081054336899272,-1.812547969991715,6.042760086794806
2698359,0.024775405067415563,0.001452663824411773,0.11896773853792575,-0.5077565625066784,-0.560650082045373,4.48257369534728
2698381,0.028049848817215235,0.028696880570258862,0.11569255230554881,-0.7709334874893342,0.46693677848427084,1.1997810902698913
2698403,0.02206938545745431,0.03142515219563092,0.11180162083193587,0.23561382811555545,1.2944192103035395,-2.488035130891179
2698425,0.011508338085711826,0.0036902531686707164,0.11118847040784384,1.1517251582962817,2.8293031504863815,-4.750664216514469
2698447,0.006229361284900442,-0.03279387659080075,0.11096368268171965,0.44424206589603166,6.211605128918621,-4.378937195657245
2698469,0.012286266780907579,-0.044523656958528494,0.10353939021858392,-2.1766179201289955,11.613750401886874,-2.005211038963212
2698491,0.02658513536664129,-0.016261865164148844,0.0837322620859359,-5.28873184970494,17.63877326825342,-0.029740440784826072
2698513,0.04029804450502395,0.03380072819833739,0.055510110697135295,-6.735782215588311,22.153834723733826,-0.664895491025919
2698535,0.0473203946660767,0.07027793301631609,0.031488596696948375,-5.234903033258966,23.960013043890992,-3.720248679943033
2698557,0.04908586989079745,0.07268490592575884,0.023676248359128044,-1.219806930841345,23.646988103107546,-6.5905172444643085
2698579,0.05110340009136411,0.05144697432154365,0.03286287146611627,3.7339371199954394,22.80908188484288,-6.709666693715969
2698601,0.05581931479341892,0.03257683498091597,0.047330850018496747,8.232038644105288,22.631289612389107,-3.930391465292826
2698623,0.060587248676544615,0.028618805266155775,0.05315092954264549,11.81268817087662,23.371949588801055,-0.43121276166700634
2698645,0.06333441420956974,0.0281345366777981,0.045344218158959296,14.521792595636851,24.913423304101183,1.4314148140585956
2698667,0.06830758377407957,0.014189219040392567,0.02831839798591581,16.14607891989904,27.2117610910411,0.9871847014287707
2698689,0.08257230954430937,-0.01281993026443753,0.008207798362164113,16.32742963595081,29.909515077219055,-0.6657988237012146
2698711,0.10548333493405658,-0.036950821438191415,-0.011166030753076941,15.386394453046414,31.931784492884603,-1.9153767667182908
2698733,0.1254148203086019,-0.048398197926930384,-0.026397749085149923,14.416753618548384,32.23660947131113,-1.889433927067269
2698755,0.13191355047822292,-0.054152644819586364,-0.03488131490267716,14.169984261973916,31.1615158199927,-0.8177751848487214
2698777,0.12999511021790994,-0.06438682121108676,-0.039128128033685386,14.150967558380554,30.3559804293264,0.4380323710904044
2698799,0.13585612131800942,-0.07605882071892905,-0.046521923889131,13.223044586953792,30.790119544155885,0.998498334438002
2698821,0.1563007458869164,-0.07707615715641644,-0.061709019348127586,11.004149407386135,31.2472545241871,0.25232041790185333
2698843,0.17881998866351098,-0.064336132890674,-0.08067293736711183,8.408225339464282,29.613221050461792,-1.953211251031953
2698865,0.18753730351070882,-0.05114289800647907,-0.0940455574030939,6.8648524216736035,25.594982948935424,-4.950961854124501
2698887,0.18507869481590308,-0.05410737981662909,-0.09585327625720937,7.096402470504256,21.28442036438314,-7.25762979375846
2698909,0.19110212353743655,-0.0742256114785021,-0.0886560167360405,8.512859907137189,18.6914019345609,-7.5734942670903
2698931,0.2182879823497742,-0.09382077790744144,-0.08042334837521734,9.739978003184222,17.39651173913481,-6.090608154858703
2698953,0.25529446082642443,-0.09486371663845017,-0.07611543747786692,9.899449415802092,15.261249945665899,-4.560762124937772
2698975,0.27719742262950975,-0.08032696456543124,-0.0725096425535881,9.360331512213438,11.160459926982304,-4.780791145777274
2698997,0.271081170061376,-0.07365642251505278,-0.06271467347342152,9.007052250856935,6.353772539257203,-6.962616904174096
2699019,0.24801408243773515,-0.09368098859292363,-0.04577761697530023,8.840850387230322,3.0530699694752688,-9.555339804137851
2699041,0.22985390457521987,-0.13142222104991913,-0.029281693724274985,7.767388138082772,2.105519971295307,-10.57620232604418
2699063,0.22776559004611774,-0.15595716635222756,-0.02094614586511651,5.045821557129473,2.4486639686286242,-9.178012982171095
2699085,0.2352992376409549,-0.145028143957301,-0.019520091984640758,1.6841140981414717,2.625356504538121,-6.164096403333909
2699107,0.23903489527446142,-0.10809063967264491,-0.016438290111450666,-0.10752683791545825,2.3364041895741186,-3.245939023123899
2699129,0.23250676117014932,-0.07724424483246779,-0.006552721107215807,0.9238685248022751,2.4246899533187665,-1.8829905743954134
2699151,0.2217044467041798,-0.07603406926555191,0.004286371056111239,3.672668799134446,3.714892900618795,-2.551829168564244
2699173,0.22039439099253305,-0.09871719876408822,0.0033458037617722326,5.708027348160853,5.995954402330733,-4.637401840819318
2699195,0.23824935502815298,-0.1197316604003692,-0.016862354833486786,5.636661857535886,7.80523669787567,-6.837597825980487
2699217,0.2691746394153686,-0.12111953985322951,-0.049895233018177006,4.195932631986475,7.159024982970053,-7.941958990278698
2699239,0.29180653923423583,-0.10888369570339894,-0.07848079071405052,3.0648033488546935,3.098972173650607,-7.524823140327477
2699261,0.2864529024054026,-0.10293121480247992,-0.08724724144974469,2.9501133929950885,-2.997791220839886,-5.983794660236295
2699283,0.2539833935331529,-0.11347409861609549,-0.07403605273648942,3.059949164375377,-7.943903544470266,-4.011958770993492
2699305,0.21632428952949326,-0.13007697330604187,-0.04983428500097724,2.312360898051628,-9.176959994826941,-2.1780208846022915
2699327,0.19714324936859182,-0.13430765359579938,-0.028282032526358712,0.725131523828745,-6.871124636886844,-0.9002565715831512
2699349,0.2026700589820872,-0.12050717724687235,-0.01545163301908278,-0.5848013098271608,-3.5534034688596945,-0.42680575044758323
2699371,0.22044322536115388,-0.10128390377676158,-0.008770923835360987,-0.6523757421743084,-1.7240734085159324,-0.5896835301094202
2699393,0.23362136791420285,-0.09289776260845468,-0.0036291195423413837,0.36106670694664345,-1.976652407426113,-0.7465936328480358
2699415,0.23509197677653257,-0.09841722343169869,0.0007339317129370507,1.5086021069673479,-3.199729675791268,-0.29516682921156623
2699437,0.2297646827640608,-0.10738140519381638,0.0018297874832325107,2.147266483572445,-4.124398582519903,0.6573974623448543
2699459,0.226140367908757,-0.11000963993148172,-0.001036869499840772,2.4599786177717515,-4.443876896390507,1.3119062305475286
2699481,0.22708988885136505,-0.1075838742435099,-0.004075435236418604,2.931806775177642,-4.617786860440482,1.0190006214336005
2699503,0.22869489708451388,-0.10786241571261247,-0.0024206743075039358,3.566587157679856,-4.946592668376125,0.029005255719341802
2699525,0.2267265847016173,-0.11394206125629636,0.004246463865328308,3.8278834163634627,-5.090589274619624,-0.7532930055621728
2699547,0.222286567600484,-0.12101904233914977,0.010927896345635756,3.2988961960907726,-4.515266386234161,-0.734006546424105
2699569,0.2202381748138522,-0.12291797051817929,0.012582843118864236,2.188295615616151,-3.2268236384794164,-0.18171819458408586
2699591,0.22331074604377676,-0.1186545426546218,0.009126497251472191,1.1195321792752795,-1.8769025320241648,0.2188925014821337
2699613,0.22932722992305954,-0.11219709803407349,0.004600698086093867,0.5573980582898796,-1.1376661249946802,0.17772630862837094
2699635,0.23398790071996925,-0.10773542566136239,0.0024269804246865524,0.5127089909037336,-1.114814235273034,-0.01288197975507403
2699657,0.2348865329441343,-0.10614554172416031,0.0025790168595297407,0.692318386955537,-1.429080782468329,-0.039202904514439
2699679,0.23239384973643004,-0.1054991761725328,0.002938464869650635,0.8176135814982142,-1.7487362460890998,-0.08955477218520795
2699701,0.22789730080453918,-0.10426311206543733,0.0021717409725889214,0.8182127312119403,-2.0953766665344764,-0.6732463160214043
2699723,0.2225053539575441,-0.10339567581012105,0.0009616273931041863,0.8052460734694238,-2.6192113219146536,-1.942330963816497
2699745,0.2173836187846977,-0.10501848800522363,0.0011108099089115059,0.9100418538960151,-3.1963302954435737,-3.2884468901967496
2699767,0.2141508238319717,-0.10970246759149713,0.003999982377314297,1.1589691319430095,-3.3853223820566045,-3.694121056127837
2699789,0.21396232325082565,-0.11603344501835947,0.00973105231231883,1.4874771038736665,-2.830689319994158,-2.5559389841195173
2699811,0.21617897732228838,-0.12257572397171317,0.017180586421298126,1.8327742349417737,-1.6716586926775627,-0.2472101182307327
