file,label,ax_mean,ax_std,ax_min,ax_max,ax_ptp,ax_rms,ax_energy,ay_mean,ay_std,ay_min,ay_max,ay_ptp,ay_rms,ay_energy,az_mean,az_std,az_min,az_max,az_ptp,az_rms,az_energy,gx_mean,gx_std,gx_min,gx_max,gx_ptp,gx_rms,gx_energy,gy_mean,gy_std,gy_min,gy_max,gy_ptp,gy_rms,gy_energy,gz_mean,gz_std,gz_min,gz_max,gz_ptp,gz_rms,gz_energy
20260928_133204_908281.csv,left,-0.007080789,0.01835614,-0.06716315,0.026263054,0.0934262,0.01967449,0.034837697,-0.029266676,0.07338206,-0.21647885,0.09968198,0.31616083,0.07900295,0.5617319,0.0006906641,0.013619437,-0.0338448,0.04206715,0.075911954,0.013636937,0.016736945,2.1681452,5.8183656,-7.966817,17.013388,24.980206,6.2092056,3469.8809,-0.4883426,3.1009696,-9.414578,5.9183908,15.33297,3.1391861,886.9041,-7.457242,7.1252737,-24.311886,1.1121771,25.424063,10.314067,9574.198
20260928_133225_961524.csv,left,-0.024009887,0.024548337,-0.09596963,0.02881869,0.12478832,0.03433796,0.1061186,-0.008387294,0.07072436,-0.16674471,0.16543351,0.33217824,0.07121995,0.45650533,-1.341811e-05,0.012681701,-0.03279865,0.042525303,0.075323954,0.012681708,0.014474314,1.0875666,6.616291,-14.390082,22.264112,36.654194,6.7050805,4046.2297,-1.5160309,2.1189413,-8.9428215,0.8013596,9.744181,2.6054294,610.9436,-10.241358,13.478648,-39.625153,2.568329,42.19348,16.928064,25790.346
20260928_133232_981023.csv,left,-0.02828746,0.02944953,-0.081932195,0.03967182,0.12160401,0.040834486,0.15007097,-0.015786286,0.08830026,-0.17515293,0.17725119,0.35240412,0.0897003,0.72415286,0.0027611796,0.017096989,-0.048946846,0.047707863,0.09665471,0.017318519,0.026993796,1.9220417,7.0931883,-11.867556,22.04539,33.912945,7.348984,4860.6807,-2.354932,4.31888,-12.81007,3.0585945,15.868665,4.91919,2177.8586,-9.6670685,11.989001,-44.43017,2.116108,46.546276,15.400922,21346.955
20260928_133239_997232.csv,left,-0.042307474,0.030132877,-0.103544205,0.0058732256,0.10941743,0.051941436,0.24281216,-0.006524605,0.080923006,-0.19886044,0.21975203,0.41861248,0.08118562,0.5931994,-0.0013712093,0.012799547,-0.035637967,0.033700593,0.06933856,0.012872786,0.014913777,1.5954185,6.9579597,-15.053972,21.77147,36.82544,7.1385264,4586.2705,-2.437755,2.4205048,-7.941179,2.6452477,10.586427,3.4353304,1062.1345,-9.058264,12.883056,-37.124687,5.289896,42.41458,15.748817,22322.273
20260928_133301_095485.csv,left,-0.007909974,0.02397451,-0.050014514,0.10549989,0.1555144,0.025245689,0.057361037,0.001717914,0.071060486,-0.1872404,0.17890285,0.36614326,0.07108125,0.45472896,-0.0012800731,0.016599039,-0.058356937,0.042071994,0.10042893,0.016648324,0.024945004,-0.81709164,3.9283097,-11.440405,11.756536,23.196941,4.0123878,1448.9329,-1.7649175,3.8068192,-16.272633,3.2422304,19.514862,4.1960464,1584.6125,-7.9670796,14.111941,-51.732807,3.7604144,55.49322,16.205591,23635.91
20260928_133308_113475.csv,left,0.02300657,0.017491015,-0.025622081,0.071369424,0.09699151,0.028900484,0.07517142,-0.04149098,0.06957555,-0.2058766,0.12620316,0.33207977,0.08100777,0.59060335,0.0041834377,0.015134157,-0.036610015,0.033837873,0.07044789,0.015701713,0.022188941,1.80199,3.7965097,-3.820112,13.109668,16.92978,4.2024584,1589.459,-0.56548977,1.7778457,-6.6925726,3.9275289,10.620102,1.8656137,313.2463,-9.734983,18.990477,-61.73961,11.80485,73.54446,21.340292,40986.727
20260928_133315_153185.csv,left,-0.011059906,0.019985707,-0.056262337,0.031256516,0.087518856,0.022841848,0.0469575,-0.026084667,0.07249399,-0.17629102,0.231354,0.40764502,0.07704407,0.534221,0.0045302655,0.01549848,-0.03212871,0.037844587,0.0699733,0.016147017,0.023465356,0.8686162,5.473857,-9.46352,19.136494,28.600014,5.5423465,2764.5845,-1.8290763,3.3320613,-12.098311,2.3880835,14.486395,3.8010724,1300.3336,-6.129184,7.6785064,-24.537199,3.2054136,27.742613,9.824783,8687.372
20260928_133322_171882.csv,left,-0.01184891,0.021112243,-0.08924096,0.03656303,0.12580399,0.024209987,0.052751113,-0.028550275,0.09555737,-0.24977924,0.2533617,0.5031409,0.09973129,0.8951696,0.0059179026,0.024022967,-0.05265395,0.09489313,0.14754708,0.024741149,0.055091202,2.1434927,8.131743,-12.446934,27.661627,40.10856,8.409507,6364.7827,-1.1894846,3.1395526,-10.480144,4.296353,14.776497,3.3573298,1014.44977,-6.1696243,10.152408,-30.942379,5.7675877,36.70997,11.880052,12702.207
20260928_133329_189198.csv,left,-0.0445983,0.043713395,-0.17811829,0.02164756,0.19976585,0.06244893,0.3509882,-0.064001456,0.11286758,-0.30948186,0.16462639,0.47410825,0.12975083,1.5151752,0.013377016,0.023771906,-0.059418354,0.07530748,0.13472584,0.027277244,0.06696433,3.7534685,12.518247,-10.739925,54.597454,65.33738,13.068856,15371.552,-2.3632655,5.41408,-18.908987,10.322946,29.231934,5.9073925,3140.7559,-4.777001,8.378568,-33.87931,5.757755,39.637066,9.644694,8371.812
20260928_133336_206742.csv,left,-0.05173659,0.04098523,-0.12422403,0.019751722,0.14397575,0.06600351,0.3920817,-0.1166955,0.128063,-0.31247425,0.16829015,0.4807644,0.17325695,2.7016175,0.020967409,0.02390502,-0.03195954,0.09670439,0.12866393,0.031797517,0.0909974,6.8105946,9.15246,-2.128883,33.421875,35.55076,11.408405,11713.655,-3.1469631,5.2433586,-19.422142,3.9354706,23.357613,6.115242,3365.6567,-4.1494455,18.612003,-45.822453,68.24558,114.06804,19.068941,32726.209
20260928_133343_247539.csv,left,-0.034955077,0.0337671,-0.14008166,0.030956177,0.17103784,0.048601177,0.21258669,-0.08062573,0.111239016,-0.31781378,0.17581831,0.49363208,0.13738495,1.6987162,0.015200317,0.022824645,-0.037421796,0.09586643,0.13328822,0.027422875,0.06768127,4.7399616,8.775822,-9.519464,29.241299,38.76076,9.974081,8953.406,-1.1457598,3.275135,-11.334653,4.7838783,16.11853,3.469766,1083.5348,1.4018689,10.223326,-19.476755,32.586773,52.06353,10.318993,9583.345
20260928_133357_283370.csv,left,-0.019984147,0.029228298,-0.07202906,0.08166305,0.15369211,0.035407055,0.11282936,-0.0737652,0.1419287,-0.33314466,0.26116413,0.5943088,0.15995331,2.3026555,0.016426325,0.025269099,-0.04946159,0.07495565,0.12441724,0.03013887,0.08175164,4.2181826,13.012346,-13.783862,46.29934,60.083202,13.678971,16840.281,-1.7100192,3.0901685,-11.467018,3.8021662,15.269184,3.531757,1122.5977,0.13220517,8.16094,-23.967749,18.371107,42.338856,8.162011,5995.6587
20260928_133404_301416.csv,left,0.0017582397,0.02152595,-0.044872258,0.064772405,0.10964467,0.021597637,0.041981213,-0.03310998,0.06750381,-0.18223725,0.09960044,0.2818377,0.07518666,0.5087731,0.0040220167,0.013098808,-0.024133949,0.03625921,0.060393162,0.013702387,0.016897986,3.347764,4.835908,-4.127927,21.287228,25.415154,5.8816266,3113.4175,0.2336769,2.1386461,-4.953097,7.2058377,12.158935,2.1513746,416.55713,-3.1214292,7.154163,-25.977077,6.078822,32.0559,7.8054695,5483.282
20260928_133411_341408.csv,left,-0.028334506,0.025149563,-0.10935734,0.04264128,0.15199862,0.037885945,0.12918103,-0.10808071,0.10798833,-0.3613089,0.17214884,0.53345776,0.15278389,2.1008623,0.0076906676,0.019643528,-0.042333227,0.07103424,0.11336747,0.021095367,0.040051304,3.9142382,12.027538,-11.464781,46.501507,57.966286,12.648437,14398.465,-1.8249334,4.915367,-21.737871,4.2168217,25.954693,5.2432065,2474.2095,0.3376198,6.240399,-27.641447,10.832096,38.47354,6.2495246,3515.0906
20260928_133618_586955.csv,right,-0.0134521695,0.024982516,-0.07389707,0.054683212,0.12858029,0.028374055,0.072457835,0.1408425,0.16350506,-0.21868213,0.44128188,0.659964,0.21580203,4.191346,-0.007834388,0.02144036,-0.07458379,0.062086344,0.13667014,0.022826886,0.046896007,-7.43875,14.066932,-45.013767,12.850347,57.864113,15.912685,22789.22,0.32845557,4.8463798,-14.860621,12.648801,27.509422,4.857497,2123.575,-2.109761,9.248316,-24.314104,16.580532,40.894638,9.485908,8098.4194
20260928_133625_604286.csv,right,-0.0036495405,0.028643025,-0.06928235,0.04774982,0.11703217,0.028874593,0.07503679,0.14432348,0.1545685,-0.105786994,0.37127867,0.47706568,0.21147266,4.024862,-0.0020518105,0.017599776,-0.05808648,0.03230254,0.09038902,0.017718973,0.02825658,-9.194796,11.781344,-42.79098,4.093191,46.88417,14.944709,20100.99,-0.3015544,5.134345,-12.959197,10.283074,23.242271,5.1431932,2380.7192,-1.2158853,6.8212852,-22.30516,14.9439,37.24906,6.9288025,4320.7476
20260928_133632_622148.csv,right,-0.0033811636,0.024435394,-0.09328117,0.04073945,0.13402063,0.024668213,0.054766867,0.07677184,0.10742586,-0.16507955,0.26276332,0.42784286,0.13203874,1.5690807,-0.010507491,0.023040196,-0.05628926,0.058531784,0.11482105,0.025323072,0.05771322,-4.6948843,9.344543,-25.560333,16.19577,41.756104,10.457649,9842.619,1.3666043,4.1491365,-9.320309,14.863507,24.183815,4.3684025,1717.4646,7.5642457,10.314173,-1.8531299,35.64389,37.49702,12.79062,14723.996
20260928_133639_662102.csv,right,0.0049141133,0.02729543,-0.083330244,0.09050287,0.17383312,0.027734257,0.06922701,0.02624304,0.087053224,-0.19073895,0.24594973,0.43668866,0.090922825,0.7440264,-0.005241196,0.029514493,-0.07369944,0.08294465,0.15664408,0.029976249,0.08087179,-4.712394,6.9967756,-28.527199,0.91693884,29.444138,8.435729,6404.537,1.1225705,3.7259703,-6.0452456,13.833484,19.878729,3.891403,1362.8716,6.907693,9.182317,-2.656035,29.270899,31.926933,11.490482,11882.806
20260928_133646_702688.csv,right,-0.011732606,0.023320584,-0.09732653,0.02326243,0.12058896,0.026105627,0.06133534,0.040737983,0.06882861,-0.08529406,0.18084821,0.26614228,0.07998101,0.5757265,-0.008923933,0.018783564,-0.050625123,0.039068695,0.089693815,0.020795645,0.038921293,-1.7271161,4.7431536,-15.789724,7.6816125,23.471336,5.0478153,2293.2395,1.0236386,5.2094293,-12.5032215,13.27954,25.78276,5.3090477,2536.739,6.6027446,12.278325,-19.5527,31.768696,51.321396,13.941073,17491.816
20260928_133653_719557.csv,right,-0.014229298,0.024663819,-0.084282555,0.04375604,0.1280386,0.028474145,0.07296992,0.045770034,0.07782224,-0.18947868,0.23141222,0.4208909,0.09028398,0.73360777,-0.0055643036,0.019304754,-0.056554083,0.053158242,0.109712325,0.02009067,0.036327153,-2.5476737,7.5097237,-20.30543,8.0462,28.35163,7.9301066,5659.7935,1.0859021,3.1874619,-3.4142973,10.613577,14.027874,3.3673573,1020.51855,6.3175583,12.269113,-5.8343015,35.84701,41.681313,13.800098,17139.844
20260928_133714_795638.csv,right,-0.011180963,0.018732715,-0.07514427,0.028738156,0.103882425,0.021815788,0.04283357,0.025458869,0.06912443,-0.12471527,0.17551138,0.30022663,0.073663704,0.48837075,-0.010370946,0.01815281,-0.043584473,0.0506767,0.09426117,0.020906484,0.039337292,-1.6268221,5.4669495,-17.260187,8.1878395,25.448027,5.703866,2928.0679,-0.059912033,3.0907493,-7.7104363,7.0870395,14.797476,3.09133,860.0689,5.824164,11.367448,-7.700376,36.222775,43.92315,12.772618,14682.58
20260928_133721_813640.csv,right,0.0015513357,0.023490017,-0.08547915,0.04108834,0.12656748,0.023541186,0.049876872,0.0751642,0.09861569,-0.13874604,0.2518313,0.39057732,0.123994805,1.383724,-0.007956138,0.01787977,-0.044211883,0.052505072,0.096716955,0.019570034,0.034468763,-3.3863616,14.173926,-52.29496,19.38122,71.67618,14.572838,19113.084,0.9436576,4.8037868,-10.605437,13.577941,24.183378,4.8955956,2157.017,3.0853376,8.154227,-19.091578,22.489021,41.580597,8.718412,6840.965
20260928_133728_831147.csv,right,0.017002715,0.026683941,-0.042483132,0.070082076,0.112565205,0.03164056,0.09010126,0.024984939,0.07150813,-0.1879255,0.23099652,0.418922,0.07574735,0.5163894,0.00067338627,0.009894538,-0.025790358,0.033202242,0.058992602,0.009917426,0.00885198,-0.6106282,12.448959,-39.761723,31.518412,71.280136,12.463926,13981.451,0.709565,4.042205,-7.0107913,11.82509,18.835882,4.1040106,1515.8612,5.8522224,9.128755,-5.2631626,33.48021,38.74337,10.8435545,10582.44
20260928_133735_849136.csv,right,0.035878085,0.04211529,-0.09692196,0.10684189,0.20376384,0.055325713,0.27548409,0.046065696,0.082927056,-0.15170093,0.24166697,0.3933679,0.094862774,0.80990505,0.004564696,0.017654106,-0.03503154,0.044033334,0.079064876,0.018234689,0.029925352,-0.7000068,12.410744,-40.16795,30.652662,70.82061,12.43047,13906.492,2.0212402,5.211896,-4.4417586,19.290749,23.732508,5.590105,2812.4346,1.8758819,5.9720783,-13.284248,16.526861,29.81111,6.2597647,3526.619
20260928_133742_889827.csv,right,-0.009657558,0.015924247,-0.046368584,0.026135458,0.07250404,0.018623913,0.031216512,0.06735804,0.07542044,-0.10153801,0.22940181,0.33093983,0.10112047,0.9202814,-0.013276307,0.014191195,-0.04998871,0.013146124,0.063134834,0.019433228,0.03398853,-2.7088122,8.457116,-24.546219,11.025927,35.572144,8.880342,7097.443,-0.50505435,2.981571,-11.894925,3.3514955,15.246421,3.0240448,823.0362,3.7552633,9.518387,-10.92057,30.129133,41.049706,10.232384,9423.151
20260928_133756_925544.csv,right,0.016517432,0.028452432,-0.047347397,0.06904832,0.11639572,0.03289934,0.097412996,0.0565748,0.08178353,-0.07258001,0.23858678,0.3111668,0.099444725,0.8900328,-0.006553176,0.018163921,-0.05056034,0.03879158,0.08935192,0.019309897,0.03355849,-2.191442,8.077119,-22.538662,14.374384,36.913048,8.369125,6303.804,0.98583406,2.9405706,-5.732434,10.283383,16.015818,3.101423,865.6942,4.292786,7.6832423,-6.7311225,23.467722,30.198845,8.801149,6971.4204
20260928_133810_983083.csv,right,0.012347651,0.029674651,-0.05734585,0.073760964,0.13110681,0.032141086,0.09297444,0.020155331,0.052268185,-0.071529925,0.15412071,0.22565064,0.056019645,0.28243807,-0.000104062725,0.019080281,-0.04287434,0.051661327,0.09453566,0.019080564,0.032766115,-0.8023306,4.8884544,-14.530709,9.943358,24.474068,4.9538593,2208.665,1.4887967,3.6625993,-6.156582,12.525623,18.682205,3.9536247,1406.8033,6.9508038,8.725607,-3.5454898,25.294024,28.839514,11.155712,11200.491
20260928_133825_040490.csv,right,0.021547278,0.04523341,-0.07781922,0.10458893,0.18240815,0.05010336,0.22593121,0.036967337,0.09267895,-0.17091866,0.22859852,0.39951718,0.09977961,0.89603746,0.0010730554,0.025040487,-0.05407201,0.07294716,0.12701917,0.025063468,0.056535967,-2.8671122,7.038342,-24.347956,7.9035444,32.2515,7.599907,5198.273,1.6123769,5.605047,-9.531763,15.03866,24.570423,5.8323507,3061.4685,6.4341073,10.9226265,-8.1693945,37.66439,45.833786,12.676809,14463.134
20260928_133951_125557.csv,up,-0.098061204,0.077051096,-0.21598522,0.029472928,0.24545816,0.12471114,1.3997581,0.024849297,0.033303306,-0.027457412,0.08762528,0.115082696,0.04155235,0.1553938,-0.007580134,0.07286576,-0.24381474,0.07232029,0.31613502,0.07325897,0.48301896,-0.9822305,4.964015,-13.279944,11.089522,24.369467,5.060259,2304.56,-4.8703194,11.260163,-32.47601,14.617194,47.093204,12.268305,13546.018,2.3644772,4.6163516,-4.4189568,14.571851,18.990807,5.1866612,2421.1309
20260928_134005_161700.csv,up,-0.074351184,0.072649784,-0.21662043,0.027985347,0.24460578,0.103952356,0.97254825,0.04794855,0.05983125,-0.060572933,0.18339287,0.2439658,0.0766736,0.5290957,-0.010817579,0.045069017,-0.124628946,0.08732774,0.21195668,0.046349067,0.19334126,-3.6137183,6.282617,-21.262972,7.576645,28.839617,7.247774,4727.7207,-4.0063186,8.345427,-26.138908,10.514524,36.653435,9.257254,7712.707,-0.9349082,4.9600854,-14.780621,10.45603,25.23665,5.0474253,2292.885
20260928_134019_219032.csv,up,-0.054979954,0.052329704,-0.15530957,0.016552467,0.17186204,0.07590253,0.5185074,0.02760352,0.05748252,-0.21768863,0.16804005,0.3857287,0.06376672,0.3659575,-0.0023439047,0.10371672,-0.37493357,0.19062059,0.56555414,0.10374321,0.9686388,-3.0385427,8.601665,-37.40731,13.5819845,50.989296,9.122576,7489.925,-1.5826484,6.2912393,-19.01058,10.497103,29.507683,6.487254,3787.6018,-0.18119816,7.030397,-22.060398,13.507224,35.567623,7.032732,4451.3384
20260928_134026_259501.csv,up,-0.06334819,0.059929892,-0.14250167,0.08297283,0.2254745,0.08720427,0.6844126,0.074010774,0.069169566,-0.061866093,0.19259551,0.25446162,0.101301655,0.9235822,-0.0102587445,0.053985063,-0.20487115,0.08859173,0.29346287,0.05495115,0.2717666,-5.3044596,6.6801925,-25.19665,1.8735588,27.070208,8.53008,6548.604,-2.6838672,7.6005754,-21.264292,8.19724,29.461533,8.060514,5847.47,-1.8207272,5.4633546,-21.280071,10.79286,32.07293,5.7587576,2984.696
20260928_134033_276228.csv,up,-0.060873874,0.06679564,-0.20443475,0.05888966,0.2633244,0.09037304,0.73505574,0.06541091,0.07005787,-0.10725681,0.17354852,0.28080532,0.095847234,0.8268023,-0.015925903,0.05640087,-0.21284826,0.06349384,0.2763421,0.05860625,0.30912232,-2.780476,6.9142895,-22.532616,7.3489356,29.881552,7.452412,4998.4604,-2.8087976,8.001196,-22.714598,13.889309,36.603905,8.479888,6471.764,0.8282384,7.5376906,-14.032543,23.152758,37.185303,7.583057,5175.248
20260928_134040_294172.csv,up,-0.09537362,0.06453845,-0.18412176,0.034387443,0.2185092,0.11515789,1.1935205,0.08113436,0.06957951,-0.08615461,0.2197181,0.3058727,0.10688355,1.0281683,-0.017412331,0.05672799,-0.23714782,0.058198433,0.29534626,0.059340157,0.31691286,-3.1115415,6.961375,-21.2551,6.2786255,27.533726,7.6251187,5232.8193,-3.5666327,6.7347465,-22.847399,6.9106193,29.758018,7.620871,5226.991,-1.0428761,5.2793193,-15.056109,13.731932,28.78804,5.381338,2606.292
20260928_134054_352466.csv,up,-0.085774615,0.07829206,-0.19306709,0.027491359,0.22055845,0.11613324,1.2138237,0.06929728,0.071150325,-0.059958182,0.20275006,0.26270825,0.09932009,0.8878032,-0.017320385,0.06126162,-0.20379859,0.051649395,0.25544798,0.063663036,0.3647684,-4.3183665,6.7687654,-18.350056,6.41451,24.764565,8.028977,5801.8027,-4.774498,6.779915,-25.589693,5.4393544,31.029047,8.292351,6188.6772,2.5204072,7.744326,-6.6796627,31.247404,37.927067,8.144141,5969.433
20260928_134101_370603.csv,up,-0.094242364,0.084544726,-0.21013069,0.07323069,0.28336138,0.1266074,1.442649,0.05973655,0.05950584,-0.07857088,0.14460349,0.22317436,0.08431726,0.6398461,-0.01375723,0.071552984,-0.24101071,0.0828384,0.3238491,0.07286351,0.4778182,-2.4525037,5.723986,-19.8065,5.191043,24.997543,6.227262,3490.091,-6.0924067,11.264994,-33.678207,11.544995,45.2232,12.8069315,14761.573,-0.86040443,5.352633,-15.821758,10.452382,26.27414,5.4213443,2645.1877
20260928_134115_406309.csv,up,-0.10228281,0.08875856,-0.22010686,0.025534673,0.24564153,0.13542472,1.650587,0.042380854,0.049518526,-0.059485286,0.1204647,0.17994998,0.06517838,0.38233992,-0.0077509503,0.04948785,-0.16782445,0.08674769,0.25457215,0.05009116,0.2258212,-1.6014456,4.7803264,-14.277235,8.253294,22.530529,5.0414424,2287.453,-3.502576,7.992718,-24.858503,11.92193,36.780434,8.726487,6853.642,7.8722973,8.295208,-1.9731991,27.966476,29.939676,11.436063,11770.517
20260928_134122_445651.csv,up,-0.067676626,0.056668162,-0.14159977,0.053081237,0.19468102,0.08826895,0.7012267,0.023880621,0.04607024,-0.13699193,0.080229916,0.21722186,0.051891726,0.24234761,-0.0034356057,0.049589172,-0.16774933,0.07370195,0.24145128,0.04970804,0.22238003,-1.1632057,5.4861536,-18.893295,11.443879,30.337173,5.6081123,2830.5833,-3.3060205,6.889105,-24.891853,7.7626204,32.654472,7.6413054,5255.059,1.067654,6.854719,-7.4979825,26.579062,34.077045,6.937367,4331.4355
20260928_134129_464502.csv,up,-0.029497612,0.046966784,-0.121962056,0.058514923,0.18047698,0.055461593,0.27683896,0.026690915,0.06931996,-0.12732342,0.16364273,0.29096615,0.07428097,0.49658966,-0.008910411,0.050630335,-0.1398754,0.08340712,0.22328252,0.05140843,0.23785438,-1.9170965,8.089629,-23.975084,11.345857,35.320942,8.313684,6220.562,-2.2449744,8.069005,-23.839878,15.374559,39.21444,8.375485,6313.3877,3.327525,7.4378166,-9.346096,29.24546,38.591557,8.148223,5975.418
20260928_134136_482300.csv,up,-0.024681086,0.034193948,-0.11382717,0.03169902,0.14552619,0.04217087,0.1600544,0.022032438,0.040170077,-0.10275616,0.104951434,0.20770758,0.045815535,0.1889157,-0.00949098,0.051462296,-0.14450157,0.06370536,0.20820692,0.052330166,0.24646018,0.79473275,3.5766106,-10.38192,8.4185705,18.800491,3.6638424,1208.1367,-1.7042247,7.8914,-23.596931,19.647552,43.244484,8.073325,5866.072,-0.97311777,4.5633326,-12.020109,6.85332,18.873428,4.665937,1959.3868
20260928_134143_499126.csv,up,-0.038605284,0.048978344,-0.14673802,0.079579294,0.22631732,0.062363822,0.35003215,0.058025073,0.06707468,-0.13132904,0.16384307,0.2951721,0.088690035,0.707933,-0.014282751,0.055919893,-0.22302845,0.06295259,0.28598106,0.057715088,0.29979283,-3.1485,8.43348,-26.94723,17.201237,44.148468,9.002035,7293.298,-3.3564415,10.026485,-34.516247,13.531214,48.047462,10.573368,10061.65,0.2785293,5.224099,-13.612688,16.914463,30.527151,5.2315187,2463.191
20260928_134204_576481.csv,up,-0.050407544,0.04521253,-0.12842752,0.05685465,0.18528217,0.06771332,0.4126584,0.04530174,0.052438386,-0.074187905,0.15103464,0.22522254,0.069296695,0.43218288,0.0025927895,0.06431422,-0.24561828,0.073505744,0.31912404,0.06436646,0.37287372,-0.9875962,7.0334344,-22.194275,11.421087,33.615364,7.102432,4540.0083,-2.196705,7.2647705,-19.92419,15.706385,35.630577,7.589625,5184.217,-1.0768932,6.7712626,-18.157206,13.924909,32.082115,6.856362,4230.873
20260928_134334_597950.csv,down,0.107547164,0.09087285,-0.014023696,0.27955464,0.29357833,0.14079867,1.784184,-0.047069766,0.06462341,-0.22959274,0.037499074,0.2670918,0.07994841,0.57525736,0.01105244,0.049687795,-0.08507002,0.15118577,0.2362558,0.050902195,0.23319301,3.0547729,11.503507,-16.394844,51.138756,67.5336,11.902198,12749.607,5.8798223,10.864891,-11.9867,37.04911,49.035812,12.353871,13735.634,-0.27485967,7.9212236,-11.356749,30.967306,42.324055,7.925991,5653.92
20260928_134355_673525.csv,down,0.14777935,0.12874125,-0.0037907786,0.31897435,0.3227651,0.19599245,3.4571738,-0.029705536,0.053875957,-0.14757757,0.16034411,0.30792168,0.06152266,0.34065336,0.003983945,0.04527197,-0.07146635,0.16145302,0.23291937,0.045446925,0.18588807,2.1031818,7.121482,-13.955079,15.814545,29.769623,7.4255557,4962.499,9.702121,10.112609,-0.8087107,29.257168,30.065878,14.014136,17675.643,-2.851564,4.828088,-19.768084,8.403977,28.172062,5.607303,2829.7666
20260928_134402_691759.csv,down,0.1261795,0.10552275,-0.006623247,0.29180655,0.2984298,0.16448805,2.4350688,-0.050391752,0.058641255,-0.15595716,0.07268491,0.22864208,0.07731833,0.5380313,0.002125968,0.049774967,-0.09585328,0.11896774,0.21482101,0.049820352,0.22338606,3.2667477,5.0441675,-6.735782,16.327429,23.063211,6.0095983,3250.374,5.7520394,11.82616,-9.17696,32.23661,41.41357,13.150818,15564.962,-1.5851855,3.2832003,-10.576202,6.04276,16.618961,3.6458492,1196.2994
20260928_134409_731186.csv,down,0.16012526,0.13072298,-0.0066826334,0.36744294,0.37412557,0.20670897,3.8455734,-0.03591899,0.062788256,-0.17397602,0.14918786,0.32316387,0.072336294,0.47092852,-0.004362723,0.050209414,-0.10530815,0.1273476,0.23265576,0.0503986,0.2286017,2.7280705,9.019825,-15.39332,27.228104,42.62142,9.423355,7991.9653,8.423696,10.724128,-5.866158,32.205856,38.072014,13.63692,16736.902,-3.368613,6.6951013,-27.345718,7.5891075,34.934826,7.4947944,5055.4746
20260928_134416_749211.csv,down,0.11190461,0.10690633,-0.008567371,0.3178134,0.32638076,0.15476304,2.1556442,-0.039394107,0.065386534,-0.20214047,0.12488955,0.32703,0.07633671,0.52445644,-0.0009052995,0.054247536,-0.12875918,0.18922107,0.31798023,0.05425509,0.26492533,3.7541783,10.280083,-13.259238,46.459923,59.719162,10.944128,10779.654,8.495828,9.18979,-4.994268,25.494698,30.488966,12.515244,14096.819,0.29617348,5.79321,-8.201979,27.413275,35.615253,5.8007765,3028.4104
20260928_134430_785778.csv,down,0.15190434,0.11385364,-0.011678717,0.35245305,0.36413178,0.18983568,3.2433827,-0.048717912,0.08292869,-0.19346622,0.15569124,0.34915745,0.09618005,0.83255416,0.0075996174,0.052080356,-0.11957364,0.17022783,0.28980148,0.05263191,0.24931061,2.0447066,10.290456,-24.303102,36.447514,60.750618,10.491631,9906.6875,5.9339085,13.844967,-20.543577,36.670067,57.213646,15.063014,20420.496,-0.6092671,10.466015,-35.69972,37.646446,73.34616,10.483734,9891.781
20260928_134444_842578.csv,down,0.14397104,0.11932907,-0.039596733,0.2995454,0.33914214,0.18699488,3.147038,-0.03313406,0.07184966,-0.18164779,0.22875522,0.410403,0.07912168,0.56342155,0.0060057486,0.06768173,-0.100183405,0.18326522,0.28344864,0.06794766,0.41551965,2.3097744,8.13296,-10.571246,29.056234,39.62748,8.454592,6433.2104,8.233633,13.232087,-8.969985,37.42331,46.393295,15.584636,21859.28,-0.55383676,5.4982204,-15.169243,18.460766,33.63001,5.526044,2748.3445
20260928_134451_861149.csv,down,0.13322249,0.11355667,-0.022341607,0.2590529,0.2813945,0.17505242,2.7579014,-0.02417212,0.04785017,-0.13091725,0.15903468,0.28995192,0.053609047,0.2586537,0.004376388,0.054175045,-0.10832686,0.17101748,0.27934435,0.054351527,0.26586795,2.0697834,5.2736435,-9.758422,15.186621,24.945042,5.665273,2888.5786,7.9450703,12.922225,-3.056302,43.828743,46.885044,15.1693125,20709.725,-0.8515859,5.029631,-23.445883,10.902903,34.348785,5.1012144,2342.015
20260928_134458_878453.csv,down,0.13815454,0.11502983,-0.015751274,0.3468153,0.36256656,0.17977355,2.908668,-0.029015781,0.059293807,-0.15087247,0.16820101,0.3190735,0.06601266,0.3921904,0.014323827,0.07767876,-0.07690146,0.3037958,0.38069728,0.078988366,0.56152457,3.3807278,9.5925,-13.890785,32.38009,46.270874,10.170811,9310.084,6.013617,16.32607,-25.503433,45.714657,71.218094,17.398397,27243.38,-3.291115,8.907403,-21.983791,33.712173,55.695965,9.495961,8115.594
20260928_134512_914394.csv,down,0.10032721,0.09960566,-0.013342921,0.2852858,0.29862872,0.1413748,1.7988151,-0.012352714,0.06818225,-0.17906165,0.14157449,0.32063615,0.069292195,0.43212676,0.013281906,0.05664817,-0.08512607,0.18851656,0.27364263,0.058184396,0.30468816,3.6339545,10.008155,-13.199718,35.973125,49.172844,10.647477,10203.189,5.7495275,11.876357,-26.33382,32.20696,58.54078,13.194882,15669.443,-3.5401003,7.6641254,-24.929436,15.629278,40.558716,8.442224,6414.402
20260928_134519_931723.csv,down,0.15443648,0.13372637,-0.01800675,0.4302018,0.44820854,0.20428747,3.7560034,-0.057095062,0.0811503,-0.19535889,0.16150023,0.35685912,0.09922307,0.8860696,0.021154024,0.04668299,-0.07647839,0.14779663,0.22427502,0.051252265,0.23641151,4.224949,10.044068,-11.141479,37.752438,48.893917,10.896492,10686.018,5.6452475,19.110056,-30.596214,57.020218,87.61643,19.926441,35735.676,-0.3852489,7.9589334,-16.474627,21.591883,38.06651,7.9682517,5714.373
20260928_134526_949956.csv,down,0.122067556,0.09584171,-0.040482093,0.33278462,0.37326673,0.15519705,2.167751,-0.03055105,0.07124652,-0.14420924,0.15198807,0.2961973,0.07752054,0.54084903,0.016501479,0.05781571,-0.1211734,0.20387974,0.32505316,0.0601245,0.325346,3.179804,10.029122,-10.719131,42.370644,53.089775,10.521143,9962.501,5.863195,12.435799,-13.883639,37.169273,51.052914,13.748677,17012.352,-3.1920931,12.113614,-46.035206,26.008888,72.0441,12.527135,14123.62
20260928_134533_989638.csv,down,0.23946455,0.15225178,-0.016808596,0.4498466,0.4666552,0.28376728,7.247148,-0.122607775,0.12270717,-0.31684008,0.12425718,0.44109726,0.17346388,2.7080743,0.035861835,0.07131318,-0.12510785,0.24287829,0.36798614,0.079822555,0.57344764,6.350625,10.60008,-6.865607,42.969727,49.835335,12.356866,13742.292,9.658789,19.757214,-10.865053,50.54494,61.409996,21.99181,43527.574,0.78152686,7.615899,-17.972567,25.464447,43.43701,7.6558933,5275.143
20260928_134541_007642.csv,down,0.17731597,0.13359235,-0.004504514,0.40265664,0.40716115,0.2220087,4.435908,-0.043731354,0.08658435,-0.1998065,0.20183311,0.4016396,0.09700145,0.84683526,0.014182321,0.053944662,-0.06605433,0.17836523,0.24441956,0.055777818,0.28000486,4.9628477,11.436093,-15.961816,47.271008,63.232822,12.466518,13987.268,8.877624,13.621586,-22.853798,40.95116,63.80496,16.259146,23792.38,-3.0760167,7.93101,-31.6205,17.786337,49.406837,8.506632,6512.651
20260928_134623_709857.csv,still,-0.0005958011,0.004234994,-0.015227052,0.011078366,0.026305418,0.004276699,0.0016461137,0.0022977716,0.012256523,-0.024168056,0.04063569,0.06480375,0.012470049,0.01399519,-9.751056e-06,0.003876708,-0.009781306,0.008184831,0.017966136,0.0038767203,0.0013526065,-0.107746,0.831374,-1.3354589,2.460167,3.7956257,0.8383269,63.251274,-0.41279954,0.5049989,-1.3839271,1.002762,2.3866892,0.65224797,38.288467,0.085384615,0.681106,-1.4152725,1.5001276,2.9154,0.6864371,42.407627
20260928_134630_726835.csv,still,0.0018613938,0.003484587,-0.0072710817,0.010220631,0.017491713,0.0039505865,0.0014046419,0.0019802912,0.0036798446,-0.005708492,0.011597237,0.017305728,0.004178853,0.0015716528,0.0009451632,0.0026772576,-0.005863731,0.0063415025,0.012205234,0.0028391974,0.00072549377,0.19688395,0.2815088,-0.37435216,0.74783593,1.1221881,0.34352654,10.620944,0.43112972,0.36341894,-0.47849163,1.1045253,1.583017,0.5638671,28.615149,0.5362783,0.42337736,-0.8402417,1.1765308,2.0167725,0.68325895,42.01585
20260928_134637_745350.csv,still,-0.0027525644,0.002909255,-0.009047045,0.0033046282,0.012351673,0.004005044,0.0014436338,5.9993854e-05,0.005444248,-0.013831657,0.012938417,0.026770074,0.005444579,0.0026679095,0.001877589,0.0020661885,-0.0030372653,0.0070246607,0.010061926,0.002791859,0.00070150284,-0.28323492,0.37965184,-1.3500514,0.33851728,1.6885687,0.4736639,20.192175,-0.217751,0.2988303,-0.93848914,0.40004766,1.3385367,0.36974996,12.304353,-0.11774405,0.3570019,-1.2538803,0.5533354,1.8072157,0.37591758,12.718263
20260928_134644_785572.csv,still,-0.0024037869,0.0026694597,-0.008243972,0.0039487937,0.012192766,0.0035922425,0.0011613785,0.00085181586,0.0050330847,-0.012246451,0.011043003,0.023289453,0.0051046577,0.0023451778,0.0008800179,0.0029108743,-0.005422652,0.007332124,0.012754776,0.00304099,0.00083228585,0.09681558,0.32294357,-0.6760679,0.75097936,1.4270473,0.3371436,10.229922,0.04207541,0.23942232,-0.39539587,0.55087686,0.94627273,0.24309133,5.3184056,0.203114,0.3652073,-0.9618177,0.83482563,1.7966433,0.41788957,15.716852
20260928_134651_802640.csv,still,0.006075781,0.0053804796,-0.013273489,0.01600151,0.029274998,0.008115704,0.0059278198,0.0013021551,0.0062608174,-0.0112525085,0.014695456,0.025947966,0.006394798,0.0036804094,-0.0004598356,0.0036539228,-0.008961629,0.008485317,0.017446946,0.0036827438,0.0012206341,-0.40269905,0.53951705,-1.8393822,0.52016556,2.3595476,0.6732348,40.792065,0.1657847,0.50332093,-1.5471029,1.4767454,3.0238483,0.52992123,25.273485,-0.17717268,0.6768962,-1.2572639,1.6371528,2.8944168,0.699699,44.062077
20260928_134712_855899.csv,still,0.0042404644,0.0036584483,-0.0061659203,0.011299528,0.017465448,0.005600516,0.0028229207,0.0029898428,0.0048524044,-0.007113424,0.016901791,0.024015214,0.00569956,0.0029236486,-0.00028376497,0.0022884526,-0.005582293,0.0060934247,0.011675717,0.0023059787,0.00047857835,-0.22233832,0.34929234,-1.2256578,0.58304644,1.8087043,0.41405252,15.429553,-0.31936914,0.461503,-1.6667802,0.76995736,2.4367375,0.56123227,28.34835,-0.20144387,0.57077277,-1.8832113,0.7759909,2.659202,0.60527784,32.97251
20260928_134726_891190.csv,still,-0.0015497057,0.0026054648,-0.006931004,0.004703214,0.011634218,0.003031507,0.00082710315,0.001068996,0.0038474042,-0.007978197,0.0077920235,0.015770221,0.003993153,0.0014350743,0.00033196018,0.0018293576,-0.0034419394,0.0046836156,0.008125555,0.0018592329,0.00031110723,0.08227993,0.2879705,-0.5063799,0.98291606,1.489296,0.2994946,8.072731,-0.12568614,0.28166115,-0.7864893,0.41782707,1.2043164,0.30843154,8.561701,-0.16930996,0.4716412,-1.6523464,0.7573924,2.4097388,0.5011101,22.600016
20260928_134733_909767.csv,still,-0.0005858599,0.0030218656,-0.006568152,0.007933128,0.014501279,0.0030781333,0.0008527414,0.00050803873,0.0032495975,-0.006159062,0.0068811504,0.013040213,0.0032890711,0.00097361894,-0.00014502378,0.0020956083,-0.004553927,0.0055745062,0.010128433,0.0021006204,0.0003971345,0.10808523,0.23085526,-0.32241473,0.682276,1.0046908,0.254905,5.8478904,0.23514292,0.32398146,-0.69803154,0.8872278,1.5852593,0.40032008,14.423057,0.005400567,0.42262584,-1.1154373,0.52948296,1.6449202,0.42266035,16.077759
20260928_134740_927369.csv,still,0.0003848984,0.0022175028,-0.005015491,0.005991597,0.011007088,0.0022506588,0.00045589186,8.526201e-05,0.0038291528,-0.008164128,0.008348247,0.016512375,0.003830102,0.0013202713,-0.00087198766,0.0019606946,-0.006540279,0.004766356,0.011306635,0.0021458531,0.00041442172,-0.101769656,0.24443343,-0.728673,0.54638934,1.2750623,0.26477304,6.3094287,0.21017314,0.22838193,-0.25001556,0.81675816,1.0667737,0.31037244,8.669794,0.1940244,0.39836368,-0.81647575,1.1090337,1.9255095,0.44310164,17.670515
20260928_134747_945565.csv,still,0.00019984874,0.0025952815,-0.00634276,0.00822502,0.014567779,0.0026029646,0.0006097882,0.00055339694,0.003131087,-0.005794294,0.010196053,0.015990347,0.0031796151,0.0009098958,-0.000415193,0.0019624496,-0.00473872,0.0041597015,0.008898422,0.0020058898,0.00036212345,0.013469649,0.23484193,-0.46681058,0.7345534,1.201364,0.2352279,4.9798946,0.23061396,0.22212335,-0.8293966,0.68173695,1.5111336,0.32018992,9.226943,0.14751224,0.4135203,-1.0828594,0.83583117,1.9186906,0.4390432,17.348303
20260928_134754_964057.csv,still,-0.0012297592,0.0035778517,-0.013055204,0.005626251,0.018681455,0.0037832963,0.0012881998,0.0016470619,0.0033916947,-0.0054843226,0.014020382,0.019504705,0.0037704648,0.0012794764,-0.0008078085,0.0025753707,-0.008460949,0.004173025,0.012633974,0.0026990902,0.0006556579,-0.029993646,0.1797223,-0.4317243,0.47336903,0.9050933,0.18220793,2.9879754,0.07429283,0.322007,-0.5579544,1.122713,1.6806674,0.33046624,9.828713,-0.19254708,0.4616677,-1.2897875,0.77000844,2.0597959,0.5002114,22.51903
20260928_134802_003396.csv,still,0.0044602826,0.0060227667,-0.014311564,0.014364364,0.028675929,0.0074945204,0.0050551053,-0.0021318349,0.008301816,-0.02543511,0.015328806,0.040763915,0.008571165,0.006611837,-0.0009806011,0.0038044443,-0.0094332015,0.00904813,0.018481333,0.003928788,0.0013891838,1.0203302,0.75935936,-1.5220981,2.8401327,4.362231,1.2718885,145.59302,-0.11324528,0.6359005,-1.6753478,1.3965164,3.0718641,0.6459055,37.54745,-1.0270331,0.8079121,-3.1372166,0.5938454,3.731062,1.3067206,153.6767
20260928_134809_021576.csv,still,0.00080208224,0.003088897,-0.009092948,0.008032787,0.017125735,0.0031913354,0.0009166159,-0.00010606017,0.0034286235,-0.010445184,0.0078236,0.018268785,0.0034302634,0.0010590036,-0.0006209551,0.002034856,-0.004272514,0.0048316824,0.009104196,0.0021274926,0.00040736023,0.01357497,0.22878939,-0.44505745,0.6223906,1.0674481,0.22919178,4.727598,0.06871343,0.34273547,-1.4479396,0.6879928,2.1359324,0.3495556,10.997022,0.28410178,0.3485925,-0.69183654,0.9069066,1.5987432,0.44970053,18.20075
20260928_134816_039083.csv,still,-0.0038777841,0.009145075,-0.027441347,0.03520456,0.062645905,0.009933258,0.008880266,0.010034772,0.019222982,-0.060677204,0.053902335,0.11457954,0.021684548,0.042319767,-0.0007366605,0.003944531,-0.0151398415,0.009073948,0.024213789,0.004012729,0.0014491796,-0.58884066,1.7207298,-5.2321205,6.645867,11.877987,1.8186932,297.68802,1.1482254,1.114775,-3.1970859,3.8894675,7.0865536,1.6003578,230.50305,0.8402575,1.3863693,-1.7040107,5.7958817,7.499892,1.621127,236.52473
